category,model,asset_number,in_user,serial_number,day_of_start,day_of_end
노트북,NT751XGK-K0F/C,2610303875,jsdng,KYYM99YY90000EW,2026-01-06,2029-01-05
노트북,NT751XGK-K0F/C,2610304066,se2000s,KYYM99YY900008A,2026-01-06,2029-01-05
노트북,NT751XGK-K0F/C,2610304712,eric,KYYM99YY90001CE,2026-01-07,2029-01-06
노트북,15U55T-GP7HL,2610305427,chinams,506QCVU575143,2026-01-05,2029-01-04
노트북,NT751XGK-K0F/C,2610306859,aver112,KYYM99YYC0001JV,2026-01-09,2029-01-08
노트북,NT751XGK-K0F/C,2610306863,kmkim819,KYYM99YYC0000DE,2026-01-09,2029-01-08
노트북,NT751XGK-K0F/C,2610306867,kckim750,KYYM99YYC0001AX,2026-01-09,2029-01-08
노트북,NT751XGK-K0F/C,2610306871,tgtgrfrf,KYYM99YYC0000NH,2026-01-09,2029-01-08
노트북,NT751XGK-K0F/C,2610306681,dudwn6162,KYYM99YYC0000LP,2026-01-09,2029-01-08
노트북,NT751XGK-K0F/C,2610306685,jiwon0413,KYYM99YYC0001EZ,2026-01-09,2029-01-08
노트북,NT751XGK-K0F/C,2610306689,danny4477,KYYM99YYC0001SD,2026-01-09,2029-01-08
노트북,NT751XGK-K0F/C,2610306693,qark0616,KYYM99YYC00009M,2026-01-09,2029-01-08
노트북,NT751XGK-K0F/C,2610306697,iy_park,KYYM99YYC0000CW,2026-01-09,2029-01-08
노트북,NT751XGK-K0F/C,2610306675,taeinpark,KYYM99YYC00002T,2026-01-09,2029-01-08
노트북,NT751XGK-K0F/C,2610306651,spd0605,KYYM99YYC00022V,2026-01-09,2029-01-08
노트북,NT751XGK-K0F/C,2610306638,boyeon992,KYYM99YYC0000MT,2026-01-09,2029-01-08
노트북,NT751XGK-K0F/C,2610306643,anhunhee,KYYM99YYC00012L,2026-01-09,2029-01-08
노트북,NT751XGK-K0F/C,2610306630,wj2570,KYYM99YYC00015T,2026-01-09,2029-01-08
노트북,NT751XGK-K0F/C,2610306634,wldusdk1013,KYYM99YYC00004D,2026-01-09,2029-01-08
노트북,NT751XGK-K0F/C,2610306611,bryan0731,KYYM99YYC00029H,2026-01-09,2029-01-08
노트북,NT751XGK-K0F/C,2610306615,moon9809,KYYM99YY900010D,2026-01-09,2029-01-08
노트북,NT751XGK-K0F/C,2610306584,chw0910,KYYM99YY900020F,2026-01-09,2029-01-08
노트북,NT751XGK-K0F/C,2610306588,hsmmax98,KYYM99YY90001VJ,2026-01-09,2029-01-08
노트북,NT751XGK-K0F/C,2610306619,dhgtnst,KYYM99YY90001AT,2026-01-09,2029-01-08
